0,Executive Office,Lanao, Kidapawan City, North Cotabato,EO,004-766-092-000
1,Head Office,Kidapawan City, North Cotabato,HEAD OFFICE,(064) 577-1220,004-766-092-001
2,Midsayap Branch,Midsayap, North Cotabato,MIDSAYAP,(064) 521-4235,004-766-092-003
3,Mlang Branch,Mlang, North Cotabato,MLANG,(064) 572-4046,004-766-092-002
4,Pigcawayan Branch,Pigcawayan, North Cotabato,PIGCAWAYAN,(064) 521-3001,004-766-092-004
5,Antipas Branch,Antipas, North Cotabato,ANTIPAS,(064) 523-0023,004-766-092-005
6,Kabacan Branch,Kabacan, North Cotabato,KABACAN,(064) 572-2416,004-766-092-006
7,Isulan Branch,Isulan, Sultan Kudarat,ISULAN,(064) 201-5309,004-766-092-007
8,Koronadal Branch,Koronadal City, South Cotabato,KORONADAL,(083) 878-4574,004-766-092-008
9,Bansalan Branch,Bansalan, Davao Del Sur,BANSALAN,(083) 878-4574,004-766-092-009
10,Surallah Branch,Surallah, South Cotabato,SURALLAH,, Libertad
